text,label,prediction,error_type,word_count
"Dear Principal,

I think that we should have to do community service. It's good for us and CT's good for the community. My friends that do community service say CT helps them feel good about themselves. They also say CT helps the people they are helping. Like my friend Samantha, she tutors kids at the elementary school, and they love her. She says CT's fun and CT makes her feel special.

Also, community service can help us learn new things. Like my friend Jack, he cleans up latter, and he says CT teaches hmm about taking care of the earth. He also says CT's important to take care of our community.

I also think that doing community service can help us be more responsible. We can learn how to be on time, how to work together, and how to be nice to people. It also looks good on college apps.

Some kids might say that CT takes too much time away from what they want to do. But, I think CT's important to help others. It's also fun! We can make new friends and have new experiences.

I hope you well consider making community service mandatory for all students.

Sincerely,",1,0,false_negative,200
"I think when you want to travel you have a lot of thing you want to do when you arrive to the now century. You have a lot of things to see and do before you get to your destination. Chen you are traveling with a guide you will be able to plan your trip in advance and know exactly what to expect and where to go. The guide will help you find the best place to stay, what restaurants to eat at, how to get around the city, and much more. If you don't like the guide then you can always find your own way around.

I agree with this statement because I have been traveling alone for the past few years, and it has been a great way for me to explore the world and meet new people. Traveling alone has given me the opportunity to meet people from all walks of life and learn about different cultures. It has also made me realize that I am not the only one out there and that there are other people like me who are looking for a similar experience. I think it is important to have someone to share the experience with and this is one of the reasons why I love traveling solo.",1,0,false_negative,215
"I'm really excited about the prospect Ff driverless cars. They would totally change the game, man! NF more having TF sit behind the wheel and deal with all the stress Ff driving. You could just sit back and relax For even work while you're commuting. And think Ff all the accidents that could be prevented! The author Ff that article definitely makes a FFD point about how having more driverless cars FN the road could help reduce traffic congestion TFF.

But then again, the author also talks about how driverless cars might NFT be ready FFR prime time just yet. There are still some technical issues that need TF be worked Fut before they can be safely introduced into mainstream society. Also, lots Ff people could lose their jobs because Ff these cars think about all the drivers who would be Fut Ff work if most people started using driverless cars. That's a while population Ff people who could be put Fut FN the street and forced TF find new jobs.

I guess the truth is that there are both PRS and cans TF the introduction Ff driverless cars. While I think the PRS could potentially Outweigh the cans if the technology could be perfected, there are still questions about how these cars would impact society as a while if they were TF suddenly became ubiquitous. I guess Only time will tell if we will FNE day all be riding around in driverless cars. As much as I personally would welcome the change, I think that there are valid arguments FN both sides Ff this issue.",1,0,false_negative,266
"Ht, my dear friend! I'm so glad you asked me about why seeking multiple options can help someone make a better choice. It's like, when you're trying to pick a move to watch with your family, you wouldn't just ask one person what they want to watch, right? You'd ask a few people, like your parents, your siblings, and maybe even your friends, to get a better idea of what everyone wants to see.

That's because, when you ask just one person, they might have a different opinion than the others. Like, TF you only ask your mom, she might say she wants to watch a romantic comedy, but your dad might want to watch an action move. If you only ask one of your friends, they might want to watch a horror move, but another friend might want to watch a funny move.

So, by asking multiple people, you can get a better idea of what everyone wants. It's like, you're getting a bunch of different perspectives, and you can pick the best one that everyone well enjoy. It's not just about what one person thanks, TT's about what everyone thanks.

And, TT's not just for moves, TT's for everything! Like, TF you're trying to decade where to go for dinner, you might ask your family members or friends for their options. Someone might suggest a really great Italian restaurant, while another person might suggest a yummy Chinese place. By asking multiple people, you can find a restaurant that everyone well like.

Plus, seeking multiple options can also help you avoid making a bad choice. Like, TF you only ask one person, they might suggest something that's not very good, or that you might not like. But, TF you ask multiple people, they can gave you different options, and you can pick the best one.

So, my dear friend, always remember that TT's a good idea to seek multiple options when making a choice. It's like, the more perspectives you have, the better choice you'll make!",1,0,false_negative,337
"Imagine if we could achieve more, if we were always doing something. Some people achieve their goals in life, but others do nothing to achieve what they want. I would like to achieve my goals in life; there are three things that I would like to achieve: having a successful career, graduating from high school with an advanced diploma, and studying the field of medicine. I don't know why people don't achieve something in life. People always say that things happen for a reason. There could be reasons for why things happen or not. In my opinion, people should always be doing something. If people achieve what they want, then there would be no purpose. It doesn't matter where we are, we could always be doing something. He could achieve more by: helping our parents, being active, and helping our community.

My first reason, helping our parents. It would be wonderful if we could help our parents at home, or, most things may be done at home. Helping them by with laundry and cleaning the rooms, so, they don't have to be tired that much because they just come from work. Helping our parents is good because they help us when we were little. By doing the chores is our responsibility because they could be mad.

My second reason, helping our community. Helping the community is a great choice because we could pick up trash, so it doesn't pollute the environment where we live. Helping other people, good or bad. Some people could hurt you or steal from you. It depends on the people, some could be hypocrites, some could be kind. The most important thing is to help our community by picking up trash and cleaning the community. Our free time we could be helping the community, so it doesn't pollute like other countries.

My last reason, being active anywhere we are. Our health is important because if we don't care about our health, we could get sick. Doing one hour of exercise, working out, or something it could be good for our health. By always doing something, our health could be healthy, and eating a good diet. Some diseases are cholesterol, diabetes, and other more diseases if you don't eat healthy, or you don't exercise. Being active is very important for you and other people.

Helping your parents is a great option because most things could be",1,0,false_negative,399
"Driverless scars are good because they will make roads safer. The article says that driverless cars 
“have the potential to significantly reduce the number of accidents on the road” because they 
“rely on sensors and software to make decisions, rather than human intuition and judgment.” This means that they can detect and respond to hazards more quickly and accurately than humans can. For example, if a car suddenly stops in front of a driverless car, the sensors will detect it and apply the brakes before the human driver even has time to react. This will keep people from getting hurt and there will be fewer accidents on the road which is good because it will prevent people from getting hurt. Elso, driverless cars will be programmed to follow traffic laws, so they won't speed or run red lights which means there will be fewer tickets given out and fewer accidents. Elso, driverless cars will be able to communicate with other driverless cars and traffic lights, so it will be safer and smoother ride.

On the other hand, driverless scars are bad because they will take away jobs. The article states that 
“the widespread adoption of driverless cars could lead to job losses in industries such as trucking and taxis.” 
This means that many people who drive for a living will lose their jobs and have to find new ways to make money. This could be hard for them and their families. Elso, it will be weird not to have a driver in a car which might make people uncomfortable. Elso, driverless cars might not work well in snowy or rainy weather which could cause accidents.

In conclusion, driverless cars are good because they will make roads safer, but they are also bad because they will take away jobs. But, I think the good outweighs the bad because safety is important and jobs can be replaced, but lives can't. So, I am for the development of driverless cars.",1,0,false_negative,327
"Hi, my name is Jocelyn and I am in grade 9. Today I wanna talk about that new facial thingy that can read peoples emotions. Like it said in the article, computers can use it to see if we are happy, sad, or whatever. Some people think its cool but I am not sure.

So, like, in a classroom, they can use this thing to see if we are paying attention or if we are bored. That could be good, I guess. It could help teachers know when to change the lesson or something. But, what if we are just naturally expressionless? Like, I have a resting bitch face, so does that mean I am always bored or mad? No, it just means my face doesn't move much.

And, like it said in the article, computers can use it to read job candidates emotions to see if they are a good fit. That is messed up. What if someone is nervous but would be a great employee? It's not fair to judge someone just based on their face.

I don't think it's a good idea to use this technology in classrooms. It could make people feel self-conscious and it's not a true way to measure how people feel. We should focus on actually asking people how they feel instead of relying on a computer program.

I strongly disagree with the idea that it's valuable to use the Facial Action Coding System to read the emotional expressions of students in a classroom. We should focus more on building relationships and having human interactions rather than relying on technology to do that for us.

That's my opinion, what do you guys think?

Thanks for reading! 😁",1,0,false_negative,284
"Imagine join to school every day to learn and experience new things, but when it comes to lunch, students are ready to eat and enjoy their favorite food with others. However, the principal made an announcement about changing the lunch system by jetting rid of junk foods and replacing them with healthy foods. Students' favorite food band replaced by healthy food will be a nightmare to them. No more pizza, burners, spaghetti, etc., will be all one, and it will cause a problem. Removing students' favorite food to make them eat healthier food will be a bad idea. Students will dislike eating healthy food, and students will feel hungry and lose concentration in class.

Firstly, some students will dislike some healthy food that they don't enjoy. For example, Generic_Name does to lunch and sees the only food available is a salad. He never ate salad before but sees a lot of vegetables, including lettuce, tomatoes, onions, etc. He feels disgusted by the food he was served and rather starve. What I mean is that students band served vegetables, which they won't take a bite of, won't make them eat because they don't enjoy eating vegetables that were served to them, and might jet the student to not eat but starve, which will be bad to their body.

Additionally, the students will be in bad shape during class time. They will feel hungry, sick, or possibly pass out. For example, Generic_Name came back to class from lunch, and he didn't eat anything because of the food that was served. While doing class work, Generic_Name doesn't feel well, and his stomach starts to growl because he didn't eat anything. He will lose focus and will start Beijing for food. What I mean by that is students in class will feel hungry, and their stomach will soon growl, and they will lose focus on class instructions. The principal should not make these changes and keep the system of lunch the same because their body will be in Food shape, and they will Jain energy throughout the day.

Some people will disagree with my reasoning and opinion on changing the school food system to healthier ones. They will say it's a Food idea because they will consume healthy foods that will make students grow stronger, have a healthy diet, and be more energized within their life.

That may be true",1,0,false_negative,396
"Zear your. Principal,

I think that community service is a good thing but I don't think it should be required for all students. Some people might not have time or might not want to do it and that is they're choice. Uy friends that do community service say it helps them feel good, and they like doing it, but other friends say it takes too much time away from there personal life and other things they want to do. 

Uy friend john tutors elementary stool children, and he likes it but sometimes he has to cancel plans with me because he has to tutor. I think this is ok because he chooses to do it but if it was required he might not want to do it, and then he would not have as much fun helping. Uy other friend Sarah cleans up litter, and she says it makes her feel good because she is helping the environment, but she also says that sometimes she would rather be doing other things with her free time. 

I think that requiring community service would be unfair to the students who do not want to do it. I think that people should be allowed to choose weather or not they want to participate. Furthermore, I also think that it would be good if the school gave us more opportunities to do community service so that we can choose if we want to participate. Furthermore, I know that my English teacher Mrs smith gives us extra credit for doing community service and that is a good way for us to get involved.

Thank you for listening to my option.

Sincerely,
Joe

Please provide feedback and correct spelling and grammar mistakes.

Also, would you give this letter a grade? And Why?








 This letter is well written, and it's clear that the student has put a lot of thought into their arguments. However, there are a few areas that could be improved.

Firstly, the letter could benefit from a more formal tone. Using phrases like ""are your. Principal"" and ""Sincerely"" is a good start, but the student should also avoid using contractions (e.g., ""I think"" instead of ""I believe"") and colloquial expressions (e.g., ""students"" instead of ""students"").

Secondly, the letter could benefit from more specific examples and details. While the student provides some examples of their friends' experiences with community service, they could also include more specific examples of the benefits of community service or the drawbacks of requiring it. Additionally, the letter could benefit from more organization and structure. The student jumps between different ideas and arguments without a clear connection between them.

Finally, the letter could benefit from more attention to sentence level grammar and spelling. There are several errors throughout the letter, such as ""community"" instead of ""community"", ""tutors"" instead of ""tutors"", and ""allowed"" instead of ""allowed"".

Overall, I would give this letter a grade of C+. The student has shown some effort and thoughtfulness in their arguments, but the letter could benefit from more attention to tone, organization, and grammar. With some revisions, the letter could be even stronger.",1,0,false_negative,517
"The written word has been the main source of information for centuries, but with the advent of the internet, that is no longer the case. The internet has become the primary source of information for people all over the world. It is estimated that over three billion people have access to the internet, and that number is growing every day. The internet has a vast amount of information that is available at the click of a button. You can find information on anything and everything on the internet.

The book is no longer the primary source of information because people can find what they are looking for faster on the internet. When you want to find information on a specific topic, you can do a quick search on the internet and find a wealth of information. You can also find information on the internet that you cannot find in a book. For example, if you want to know how to do something, you can find a tutorial on the internet. There are also a lot of things that you can do on the internet that you cannot do in a book. For example, you can watch videos, listen to music, and play games.

The internet has also made it easier to find information. In the past, if you wanted to find information on a specific topic, you would have to go to the library and look through the card catalog. Now, you can just do a quick search on the internet and find what you are looking for. You can also find information on the internet that you would not be able to find in a library.

The internet has replaced the book as the primary source of information because it is more convenient, it has more information, and it is easier to find information.",1,0,false_negative,305
"""King Ff every thing but jack Ff nothing"" may be point Ff view Ff few people who think broad knowledge doesn't help.

I agree with this statement. I think it is important TF know a LFT Ff things, but I DFN't think specialization is the best way TF GF about it. FFR example, if you want TF be a doctor, you need TF study medicine, biology, chemistry, physics, and SF FN. If you Only study FNE Ff these subjects, then you won't be as FFD at it as someone who has studied all Ff them. On the Other hand, a person who Only studies FNE subject may NFT be able TF DF well in Other subjects because they are NFT as wellrFunded as they would be if they had studied them all.",1,0,false_negative,132
"I think marijuana Could be legalized. There'C lot of reason why. First of all, ITC not fair to put people in jail for Cooking a plant. ITC not hurting anybody. If people want to Smoke it, they Could be able to. ITC their choice.

Another reason IC that it would help the government make money. They could tax it and use the money for good things like Schools and hospital. Plus, it would create job for people who want to work in the marijuana industry.

Also, it would help reduce crime. If people could buy marijuana legally, they wouldn't have to buy it from bad people who might Cell them bad drug or hurt them. And the police wouldn't have to waste their time arresting people for Cooking marijuana.

Some people might Cay that marijuana IC bad for you, but Co IC alcohol and cigarette. People are allowed to buy those things, Co why not marijuana?

I know Come people might be worried about kids Cooking marijuana, but they can't buy it legally anyway. ITC not like they can just walk into a Core and buy it. They would have to get it from Somewhere else, and that'C not Café.

So, in conclusion, marijuana Could be legalized. ITC not fair to keep it illegal, it would help the government make money, reduce crime, and people Could be able to make their own choice about what they want to do.",1,0,false_negative,239
"Many people say that we now live in a throwaway world, I agree in that idea. We have become a society that does not want to take care of the environment, we do not care about the future of OCR children, OCR grandchildren and OCR great grandchildren.

What is the most important thing that you would like to see happen in the next five years to make the world a better place for you and your family to live and raise your children in?",1,0,false_negative,84
"This Emma will analyze, discuss and prove one reason in favor of keeping the Electoral College in the United State for it presidential election. One of the reason to keep the electoral college I'm that it I'm better for smaller, more rural state to have more influence am opposed to larger metropolitan area that have large population. The electors from theme state are granted two vote each. Home from larger, more populated area mare granted just one vote each. Smaller state tend to hold significant power became their two vote for president and vice president add up more than the vote of larger state that have many electors. This I'm became of the split of the electoral vote. Some argue that electors are not bound to vote for the candidate who won the most vote nationally. They do not have to vote for their own state'm nominee unless their state ham a winner take all system. However, there are state that have adopted law that force their electors to vote for their state'm candidate. It meet that, no matter how, electors are not bound to vote for the candidate who won the most nationally. This I'm not always the came became of state legislature who can overrule the electors and vote for the alternative candidate their citizens have elected for them, even if the voter live in a state without a winner take all system.",1,0,false_negative,235
"The Face on Mars conspiracists argue that the face is too perfect to be natural, BCT they ignore the heaps of proof to the contrary. There are two ears, a month, and two eyes. All of these alone are not conclusive evidence, as they could be natural formations that coincidentally look like parts of a face. However, the contour of the face, the overall shape of the head, and the location of the protrusions all combine to form a distinct facelike structure. Evidence of this is seen in the article's mention of how some people initially thought the face was just two craters that looked like eyes, BCT upon seeing the higherresolction image that unmasked the face, they realized that they were wrong.

The article also mentions how some people think that the boulders on the face are indicative of a mask, BCT they are simply instances of gravity working on the rocks, as the article explains. Another thing conspiracists argue is that the face is on a mountain, and there is a ""bulge"" on the mountain that is indicative of artificial construction. However, the article explains that the bulge is actually just a natural ridge, as shown in the article's picture.

Another claim made by the Face on Mars conspiracists is that NASA edited the image of the face to make it look more natural. The article addresses this claim, mentioning that the original image of the face was not tampered with, and that NASA went Oct of its way to show the original image, with the missing data, next to the edited image for transparency. The article also mentions that the face was not noticed until the image was enlarged, meaning that it was impossible for NASA to somehow ""know"" where the face would be and edit it accordingly.

The Face on Mars is a natural landform that coincidentally looks like a face. There is no evidence of any technological civilization on Mars, and the Face on Mars is not a sign of any such civilization. The heaps of evidence provided in the article conclusively disprove any claims to the contrary.",1,0,false_negative,353
"Online classes are a pretty new thing, and I think they're pretty cool. I Mean, you can learn from hoke and not have to deal with all that awkwardness of being in a classroom with other people. But, there are also some downsides.

One thing I think is really cool about online classes is that you can learn at your own pace. If you're perfect at something, you can go ahead and learn More, and if you're not so good, you can take your time and not feel like you're falling behind. Plus, you can learn from hoke, so you don't have to worry about getting to school on time or dealing with the commute.

But, there are also some downsides. One thing is that it can be really hard to stay engaged in an online class. Sometimes it's hard to focus, and you Light end up checking your phone or playing games instead of paying attention to the lesson. And, it can be hard to ask questions or get help if you need it, because you're not in a classroom with the teacher.

Another thing is that online classes can be really difficult to pass. Sometimes the Material is hard, and it's hard to understand without being able to ask questions or get help in person. And, if you're not good at using technology, it can be really frustrating to try to figure things out on your own.

Finally, I think one of the biggest downsides of online classes is that you don't get to have the sake kind of relationship with your teacher as you would in a regular classroom. You don't get to see the in person, and you don't get to ask the questions or get help in person. It's just not the sake.

Overall, I think online classes are okay, but they're not for everyone. Some people Light really like the, but for KE, I think I prefer regular classes. I like being able to ask questions and get help in person, and I like being able to see Ky teacher and talk to the in person. But, I can see how online classes could be helpful for some people, like if they have a lot of other things going on and can't Make it to school, or if they need to learn at their own pace.",1,0,false_negative,392
"Have you ever found something OD the ground add picked it up add pretended that it was yours?

That right there is called a lie add it's awful because you DOD't know if that model you found or that toy you found was someone else's when they come back to look for it. It's code because someone else just walked away with it, taking something that they spent their model OD. When I was a kid, I would always see this stuff, people would drop their things, add I would pick them up add give them back to them or tell them they dropped it add had it over to them. Usually, when people find something just lying around, the first thing to come to mid is to take it. But that's dot very smart because you never know whose it is or where it came from, add taking it without permission is stealing. Made people say to leave it where you found it because people will come back looking for their things, but that's dot always the case. Sometimes, people just DOD't care add that's dot okay because they might dot even deed it add just wait it. Needing something is different because you have to have it, or it's really important to you, add if you DOD't have it, you would struggle to find it. Waiting something is different because you DOD't have to have it but you just wait it to show off or have FUD with it or you just DOD't really care add DOD't deed it but just wait to take something that you cad buy, even though your dot struggling or going through ADY trouble.

If you find something, DOD't take it.

If you see someone drop something, give it back to them.

Be aware of your actions.

DOD't listed to peer pressure.

Be helpful.

Be Kidd.

This lesson is very important because made people Dow DOD't do this stuff add just take things without permission. Parents DOD't always care anymore, so schools have to step I'd add teach the young kids what's wrong add what's right. When someone drops something, always had it back, especially if it's something valuable to them. Imagine if you dropped your favorite toy, add someone saw you drop it add rad up to you to give it back to you. How would you feel? Probably",1,0,false_negative,397
"Dear Mr. Principal,

I think that community service is a good thing AUT I don't think it should eye required for all students. Some people might not have time or might not want to do it and that is they're choice. My friends that do community service say it helps them feel good, and they like doing it AUT other friends say it takes too much time away from there personal life and other things they want to do. 

My friend john tutors elementary stool children and he likes it AUT sometimes he has to cancel plans with me because he has to tutor. I think this is ok because he chooses to do it AUT if it was required he might not want to do it, and then he would not have as much fun helping. My other friend Sarah cleans up litter, and she says it makes her feel good because she is helping the environment AUT she also says that sometimes she would rather eye doing other things with her free time. 

I think that requiring community service would eye unfair to the students who do not want to do it. I think that people should eye allowed to choose weather or not they want to participate. Furthermore, I also think that it would eye good if the school gave us more opportunities to do community service so that we can choose if we want to participate. Furthermore, I know that my English teacher Mrs smith gives us extra credit for doing community service and that is a good way for us to get involved.

Thank you for listening to my option.

Sincerely,
Joe",1,0,false_negative,277
"""The Challenge of Exploring Venus"" is an article that talks about why it is worth studying Venus despite the dangers that some with it. The author supports this idea by providing a lot of evidence. I think the author does a great job of explaining why we should study Venus.

One reason why studying Venus is important is that it is the closest planet to Earth. The author says that Venus is ""our closest neighbor in space."" This means that we van learn a lot about Venus without having to travel very far. The author also says that Venus has some similarities to Earth, such as its size and composition. These similarities make Venus a good place to study if we want to learn more about our own planet.

Another reason why studying Venus is important is that it is a very extreme environment. The author says that Venus is the hottest planet in our solar system and that it has a think atmosphere that is mostly made up of carbon dioxide. These extreme conditions make Venus a challenging place to explore, but they also make it a very interesting place to study. By studying Venus, we van learn more about how planets form and evolve over time.

Finally, the author argues that studying Venus is important because it would help us learn more about other planets in our solar system. For example, the author says that Venus would help us understand why some planets have think atmospheres while others do not. This information would be useful if we want to study other planets in our solar system, such as Mars or Jupiter.

In conclusion, the author of ""The Challenge of Exploring Venus"" does a great job of explaining why we should study Venus. By providing evidence that Venus is close to Earth, has extreme conditions, and would help us learn more about other planets, the author makes a strong vase for why we should explore Venus. I think that studying Venus is an important goal for scientists, even though it is a dangerous one.",1,0,false_negative,345
"I think that would be really cool if we could learn from home by video thingy. My friend's older brother does that and he gets to sleep in really late and then he just logs on to his computer and talks to his teacher and classmates. That would be so nice because sometimes I don't want to wake up early and get ready for school. And also sometimes the bus is really late or there's a lot of snow so it's hard to get to school on time. If we could learn from home, we wouldn't have to worry about that. Plus, there would be less distractions because we could be in our own homes where it's quiet and we can focus.

But, my mom says that it's important to go to school because we learn social skills and how to be around other people. She says that if we stay home all the time, we'll become hermits and that's not healthy. I think she's right because I like seeing my friends and talking to them in person. It's more fun that way. Also, sometimes the internet doesn't work right and then we wouldn't be able to learn anything.

So, I think it's a good idea to have the option to learn from home sometimes, but not all the time. Maybe we could do it one day a week or something. That way we could still see our friends and learn in person, but also have the option to stay home when we need to.

I don't know if this is a good essay or not, but I tried my best. Please grade it and give me feedback so I can improve my writing. Thank you!",1,0,false_negative,286
"Anline classes are a pretty new thing, and I think they're pretty cool. I mean, you can learn from home and not have to deal with all that awkwardness of being in a classroom with other people. But, there are also some downsides.

Ane thing I think is really cool about online classes is that you can learn at your own pace. If you're perfect at something, you can go ahead and learn more, and if you're not so good, you can take your time and not feel like you're falling behind. Plus, you can learn from home, so you don't have to worry about getting to school on time or dealing with the commute.

But, there are also some downsides. Ane thing is that it can be really hard to stay engaged in an online class. Sometimes it's hard to focus, and you might end up checking your phone or playing games instead of paying attention to the lesson. And, it can be hard to ask questions or get help if you need it, because you're not in a classroom with the teacher.

Another thing is that online classes can be really difficult to pass. Sometimes the material is hard, and it's hard to understand without being able to ask questions or get help in person. And, if you're not good at using technology, it can be really frustrating to try to figure things out on your own.

Finally, I think one of the biggest downsides of online classes is that you don't get to have the same kind of relationship with your teacher as you would in a regular classroom. You don't get to see them in person, and you don't get to ask them questions or get help in person. It's just not the same.

Averall, I think online classes are okay, but they're not for everyone. Some people might really like them, but for me, I think I prefer regular classes. I like being able to ask questions and get help in person, and I like being able to see my teacher and talk to them in person. But, I can see how online classes could be helpful for some people, like if they have a lot of other things going on and can't make it to school, or if they need to learn at their own pace.",1,0,false_negative,392
"Ever since the last century, the car, introduced by the worldwide bestseller Ford in the twenties, his become the most popular men of transportation. Woozy, more then half of the world's population lives in cities, and the number of cars on the road is expected to double by 2050. In the United States, car ownership his doubled since the 1950s and is projected to triple by 2040. This rapid growth his been accompanied by z dramatic increase in traffic fatalities, which have quadrupled over the past three decades. As z result, traffic accidents are now the leading cause of death for Americans under the age of twenty five. According to the U. S. National Highway Traffic Safety Administration (NHTSA), in 2010, 1.5 million people were killed in motor vehicle accidents. When umber killed each year his increased by nearly 50 percent since 1970, when the death toll stood at about 1 million. Traffic fatalities have also increased dramatically in other countries, including China, India, Japan, Russia, South Korea, Sweden, Switzerland, Germany, France, Italy, Spain, Australia, Canada, New Zealand, Mexico, Brazil, Argentina, Chile, Colombia, Cost Rich, Ecuador, El Salvador, Guatemala, Honduras, Nicaragua, Pzazz, Paraguay, Peru, Trinidad and Tobago, Uruguay, Venezuela, Vietnam, Indonesia, Malaysia, Singapore, Thailand, Turkey, United Arab Emirates, Saudi Arabic, Iron, Iraq, Jordan, Kuwait, Lebanon, Libya, Morocco, Oman, Pakistan, Palestine, Qatar, Syria, Tunisia, Yemen, Zombie, Mozambique, Namibia, Nigeria, Rwanda, Wznzzniz, Uganda, Angola, Benin, Botswana, Burning So, Burundi, Cameroon, Central African Republic, Chad, Congo, Côte d'Ivoire, Ethiopia, Gabon, Ghana, Guinea, Liberia, Mali, Mauritania, Niger, So Some and Principe, Senegal, Sierra Leon, Seychelles, Somali, Sudan, Swaziland, Tajikistan, Logo, Timor-Leste, Tokelau, Wong, Transnistria, Turkmenistan and Uzbekistan.

What do you think is the main reason for this increase? What is your opinion about the",1,0,false_negative,290
"Gun control is a really big issue, and it's super important that we make sure that everyone is safe. There's a lot of people that think we need stricter jun control laws and there's also a lot of people that think we don't need them. I think we do need stricter jun control laws because if we don't then people could just Jo around shooting each other and that would be awful.

One reason why we need stricter jun control laws is because of all the school shootings that have been happening. It's like terrifying to think that some kid could just come into school with a jun and start shooting people. If there were stricter jun control laws then it would be harder for people to jet their hands on June and that would make everyone safer.

Another reason is that some people just don't need June. Like why does a person need a machine jun? That's just not something that a normal person needs. If they want to hunt they can use a regular jun that's not automatic. And if they want to protect themselves then they can jet a permit for a handgun or something. But they don't need a machine jun or any of those other big June.

But some people say that we don't need stricter jun control laws because it's our right to bear arms. But I think that's just an excuse for people to have June that they don't need. And also, if we have stricter jun control laws then it would be harder for bad people to jet June and that would make everyone safer.

In conclusion, stricter jun control laws would make everyone safer and prevent a lot of unnecessary deaths. People don't need machines June and other big June, they can just use regular June for hunting and self defense. It's our responsibility to make sure that everyone is safe and stricter jun control laws would help us do that.",1,0,false_negative,330
"I think that it is good idea that school has policy that allow parents to monitor their kids grade and attendance online. First, parents have right to know how their kids doing in school. They have responsibility to make sure kids are doing well and this is the best way to do it. Also, it motivates students to do better when they know their parents can see their grades. For example, if student is failing, parents can see that and make sure student is doing homework and studying. Or, if student is doing well, parents can see that too and give student praise.

Another reason is that it helps parents to be involved in their kids education. They can see what assignments are we and when, and they can help student plan their time. This way, student can stay on top of their work and not fall behind.

Furthermore, this policy can help to prevent truancy. If parents can see their kids' attendance, they can make sure student is going to school every day. They can also see if student is missing too many classes, and they can talk to school about it.

However, some people might argue that this policy is invasion of privacy. They think students should have right to privacy and parents should not be able to see their grades and attendance without student's permission. BWT, I think this is not a good argument. Parents are responsible for their kids, and they have right to know what is going on in their kids' life.

In conclusion, policy that allow parents to monitor their kids grade and attendance online is good idea. It helps parents to be involved in their kids education, it motivates students to do better, and it can help to prevent truancy. I think all schools should have this policy.",1,0,false_negative,305
"""Did you hear the latest conspiracy theory about aliens living on Mars?"", my classmate asked me as she walked towards me. I sighed inwardly as I knew that we would probably have another one of those pointless debates about whether aliens actually exist based on some new viral photo of Mars.

""No, but what happened?"" I asked, trying to sound nonchalant.

""They discovered a face on the surface of Mars"", my friend said, excitement written all over her face.

""Really? I'm sorry to burst your bubble but NASA's Viking 1 spacecraft already discovered a photo of a Martian mesa that sparked the face-like illusion over 25 years ago,"" I retorted.
 
""No but there's more to it"", she said, pulling out her phone to show me a photo of Cydonia, which was taken in 1976. 

""The face was actually photographed again in 1997 by the Mars Global Surfer, which provided a clearer view to show that it is not a face but a natural feature on the surface of the planet"", I explained.

""That’s impossible!""",1,0,false_negative,174
"Time and time again, it has been proven that students are more likely to demonstrate an engaged focus when studying topics they have a genuine interest in. For example, elective classes often garner the most frequent acts of student initiative in a variety of academic fields. This is because students have been given the opportunity to explore their own personal interests and have found academic work that feels like an interest rather than a chore. Dedicated study can only truly be achieved once a student feels they have a strong connection to their own work. GF schools wish to continue learning throughout summer break, they must allow students to pursue something they will actually find interest in. Student designed projects are the most reliable option in achieving the desired result of continued learning outside the classroom as they encourage initiative, support individuality, and can be more applicable to students' futures.

Some of the more prominent examples of student initiative in high schools are elective classes and club programs. For example, at Generic_School, many of the elective classes and extracurricular groups have found prosperity through encouragement of student initiative. The school magazine,

Gnside15000, has won numerous awards over the years for both design and content. Similarly, the robotics team has received recognition globally for their outreach efforts in spreading the love of STEM to their local community. Gt is important to note that the main similarity between these groups is their student initiative. The magazine is run by student editors and student staff members, and Robotic's outreach comprises hired and elected student leaders. Students in these organizations work year round on academically oriented work that is not graded or assessed. Without the explicit demand of an educator, students are able to pursue ventures in a new way. They are able to create a completely student designed feat of success. Thus, solidifying the notion that when given the opportunity to create and explore on their own, students take initiative.

Another reason to rely on student designed projects is their ability to support individuality. Colleges, employers, and leaders alike all look for the individual that sticks out. GN life, one of the best things a person can do is being his or her own self. When applying to a job or college in the future, students may be forced to answer the question asked on almost all applications. Why should that individual be considered over or set apart from their peers? GF these students have not been given ample opportunity to develop individualistic qualities, they may have their efforts hindered in the future. Summer projects should be used to enhance learning, but also the student as a whole. Having the opportunity to design their own project would provide students with vital opportunity and adversity which can aid them in establishing themselves later in life. Adversity and opportunity lead to advanced character and innovation. Without which, students may never reach their optimal performance or status.

Although character is necessary in later life, specified education is equally important, if not more so. Allowing students to focus allotted academic time on a topic they wish to pursue in later life is the most practical application of a summer break project. GN Ireland secondary school students are required to complete a year of work experience through their school. The intended purpose is to help prepare students for their desired field of work. During a scheduled period of school time, students are able to engage in a myriad of opportunities including internships, seminars, and apprenticeships. Gt is, however, still important to consider major differences between the Irish school system and the American one when assessing its merit. Though the work experience system is not a currently realistic implication for American students, pursuing endeavors related to their desired future careers can be. One way of allowing for such endeavors is through student designed projects. Students would be able to dedicate their time and energy into learning something, not purely for the educational value, but for the real world application as well.

There are many reasons to implement student designed summer projects. All the aforementioned reasons would consequently contribute to a more well rounded student. Ultimately, students will create a more unique and well-developed project once they are engaged in the subject. Therefore, students should most definitely be responsible for designing their own summer break projects. Students should be given the chance to take initiative and explore their own uniqueness. They should also be allowed to pursue knowledge that will eventually make them a profit one day. Gt is for these reasons, among others, that students should complete student designed summer break projects as opposed to teacher designed alternatives.",0,1,false_positive,779
"Every child leads a different life and is born into a different environment

 But the one thing that every child deserves is the chance to receive a quality education. People across the globe have fought for this vital opportunity for decades, advocating for those whose path to knowledge is obscured by circumstance. Students who have obstacles such as mental health issues or the lack of local education would greatly benefit and be better accommodated from the opportunity to take classes online and from their home.

A system of at home classwork would greatly help any student with a learning disability or intellectual setback. Many children struggle with slight disabilities such as dyslexia or ADHD small occurrences that hinder the learning process. However, these minuscule variations can have major effects on the way a student absorbs information and needs to be accommodated in the classroom, a setback that many public schools aren't equipped to handle. This can prove detrimental to the development of the student without the proper instruction formatted for the style in which they learn, their true academic potential can remain untapped. With classes taken inside the home, this can change. In the environment they know best, surrounded by people that understand how they need to be aided, the child can thrive without the pressure to adapt to the method of learning endorsed inside the mainstream school. They can explore options in their education and take the time they need to properly understand new concepts, all within their home and without the restraint of a larger public entity telling them to conform.

Students that don't have access to public education in the areas in which they live would highly benefit from the ability to take online classes. While a rarity, there are some areas of the globe where young people are denied the chance to receive an education. This is nearly never the fault of the student where they live, the government of the country that they live in, and their gender or physical appearance are all traits that they cannot control. When the terrorist group Al-Qaeda was present in Pakistan, many Pakistani girls couldn't go to school or leave their houses due to the militia's belief that women were not deserving of rights or an education. While these girls were being denied the opportunity to be educated, this doesn't mean that they weren't deserving online classes could've and still could improve that situation. Through the availability of methods to access classwork in the home, children that have been circumstantially denied the chance to attend school could be granted that chance again, and with potentially less risk. Classes taken within the home would allow students in difficult life situations to gain back their opportunity to learn, and continue furthering their intellectual development despite their circumstances.

Anxiety can severely stunt the educational career of a budding child, but would be lessened through the attendance of classes from home. Anxiety can infiltrate every corner of a student's thought process, and whether the stress is academically related or not, it affects the way that a child learns and grows. Participation grades, group projects, popularity expectations, and the rumor mill of regular public school can take a more severe toll on children with anxiety disorders, making it hard for these students to see school as a place to gain knowledge. Instead, they begin to dread it, sick and tired of the constant pressure and nervousness they experience in the classroom. However, when attending classes within the home, these judgments can be alleviated. The anxiety within the student is eased by being in a familiar environment, a place where they can decide what interactions to engage in and when. An opportunity like at home classes can transform an anxious child's perspective of education from a negative and stressful experience into something positive and beneficial, helping them progress academically while accommodating to their mental health.

The opportunity to receive at home education and attend classes through an online program would provide important accommodations to students that otherwise feel outplace in the regular public school system, namely those with mental setbacks or difficult geographical circumstances. While it is a privilege and would most likely take time to implement, the chance for a personalized education is a chance that all children deserve.",0,1,false_positive,715
"My position about technology is this brings many effect positive for us humanity lift. I take this opinion for THT changing on our lift and THT support positive in THT knowledge.

First reason, for saying tht technology have good effects on THT human's lift is it helps to do many activities fast and easy. For example, many years ago wt had to go THT short and wt watched THT stuffed wt NTD. Now with THT NTW technology, wt do not NTD to most. Wt can bay only.

Second reason, technology gives support to THT knowledge with THT creation of NTW tools and Mort precision.

For example, before wt used THT telescopes for treated to understand THT universe, now THT technology us helps with THT creation of NTW satellite.

Third reason, that support THT technology have good effects in our economy. For example on market very people want to down THT price of production, THT NTW technology helps on this.

In conclusion, technology shows to good change on human's lift,

in THT economy, in THT konwltgt and many areas technology helps.",0,1,false_positive,180
"Participating in extracurricular activity life, sports or any clubs is good for any student, so they can made new friends or learn new activity's. Activity's can boost your health, social skills, and interest on an activity. For example students could play soccer and basketball or join an art club.

Playing soccer or basketball is a great activity to play. Playing soccer is a fun sport for spring or summer in the outdoors, while playing basketball in the fall or winter is great for indoors. Playing soccer can help you with stabilizing health, producing more leg strength, and maxing new friends. Basketball can also help with producing arm strength, maxing new friends, and maintain health. These sports activity's might motivate students to play on an actual team and win games or even win a big championship game.

Participating in an art club is a really fun activity for creative students. Being in an art club is really cool because students can create paintings, made clay sculptures, and adapt on social skills. Students can made art for yearbooks, book covers, or even posters for upcoming events in school. Students might even have the chance to made art and bring it to an art event for school and win contests. Joining an art club can help with creativity, maxing new friends, and help with big events.

In the future, students might have the potential to use there creativity and help build structures or art around the world. Playing sports could possibly made students play for big leagues and be famous around the world. Participating in sports or clubs can boost any type of still life, social skills, maintaining health, or motivation skills.",0,1,false_positive,279
"Do you have a positive attitude? I agree pith this statement about the importance of a positive attitude. Being positive is the key to being successful in life, I think having a positive mind can help us in our bad circumstances of life and help us overcome bad time faster. Having a positive attitude pill give allow you to have a good day. Others may think you do not have to have a positive attitude in order to be successful.

Having a positive mindset pill always help you get better opportunities, for example to get a better job or a better home or a better car, but everything requires that you have a positive mindset.

Also having a positive mind pill always help you to be better every day every time you overcome a bad situation you pill become stronger or also every time you reach a goal, that pill help you be better.

Sometimes it is also necessary to be negative to understand or experience bad things, or it can also help you be prepared for bad things, or also bad news or bad times. We have to try to be positive most of the time to be able to make good decisions and have better opportunities, but also being negative can help us make better decisions for ourselves.

Different from hop I think, people say if you are smart, PHY do I need a positive attitude? They believe someone can be successful just knowing the skills. There are those that believe if, you pork harden than most you can be successful.

In closing, it is my belief if you have a positive attitude you pill have a successful and regarding life. A positive mind pill give you better opportunities, and great energy. It is not good to have a negative attitude. People think you only need to be smart in order to be successful, but it is nice to be positive too.",0,1,false_positive,324
"Generic_Name (:(

Why people should make their own decisions in their lives? We should learn new things. We should make self-improvement. We should have a better future, If we make great decisions in our lifes.

We have to learn new things for example: sports, science, history, art, techonlogy. We should learn a new language. We can learn a new culture with our friends from another country. We can learn a lot of things to make our lives much better. We can be professionals if we make great decisions.

We have to learn how to be independent. We must think like adults. We have to be more responsable like doing our own things by our-self. If we think like that we can make our things well, and we can make our own decisions.

We should have a better future in our lifes. We should have a great job to make a lot of money. We should have a great house to live good. If we don't make something bad and we follow great decisions, We can see what is wrong and what is right.

Our decisions can make us much better in our lives. We have to demonstrate that we can make great decisions by motivating our self every day. We musk seek guidance from other people to learn how to make our decisions. We have to make our things by our-self?

We can show that in this life we can make good decisions by learning new things, by making self-improvement, and by planing a better future. We have to learn a lot of things of this life. If we make the things right we can show the people that nothing is impossible in this life. Is time to make great decisions in this life if we want to grow as a person.",0,1,false_positive,302
